{
  "/index.php-15" : {
    "transaction" : "/index.php-15",
    "sampleCount" : 2,
    "errorCount" : 0,
    "errorPct" : 0.0,
    "meanResTime" : 213.5,
    "medianResTime" : 213.5,
    "minResTime" : 212.0,
    "maxResTime" : 215.0,
    "pct1ResTime" : 212.6,
    "pct2ResTime" : 215.0,
    "pct3ResTime" : 215.0,
    "throughput" : 1.037344398340249,
    "receivedKBytesPerSec" : 3.729982494813278,
    "sentKBytesPerSec" : 0.5835062240663901
  },
  "/register.php-16" : {
    "transaction" : "/register.php-16",
    "sampleCount" : 2,
    "errorCount" : 0,
    "errorPct" : 0.0,
    "meanResTime" : 219.5,
    "medianResTime" : 219.5,
    "minResTime" : 210.0,
    "maxResTime" : 229.0,
    "pct1ResTime" : 213.8,
    "pct2ResTime" : 229.0,
    "pct3ResTime" : 229.0,
    "throughput" : 1.0282776349614395,
    "receivedKBytesPerSec" : 3.6883435089974292,
    "sentKBytesPerSec" : 0.5924646529562981
  },
  "/index.php-14" : {
    "transaction" : "/index.php-14",
    "sampleCount" : 2,
    "errorCount" : 0,
    "errorPct" : 0.0,
    "meanResTime" : 213.0,
    "medianResTime" : 213.0,
    "minResTime" : 211.0,
    "maxResTime" : 215.0,
    "pct1ResTime" : 211.8,
    "pct2ResTime" : 215.0,
    "pct3ResTime" : 215.0,
    "throughput" : 1.037344398340249,
    "receivedKBytesPerSec" : 3.729982494813278,
    "sentKBytesPerSec" : 0.5835062240663901
  },
  "/index.php-13" : {
    "transaction" : "/index.php-13",
    "sampleCount" : 2,
    "errorCount" : 0,
    "errorPct" : 0.0,
    "meanResTime" : 218.0,
    "medianResTime" : 218.0,
    "minResTime" : 212.0,
    "maxResTime" : 224.0,
    "pct1ResTime" : 214.4,
    "pct2ResTime" : 224.0,
    "pct3ResTime" : 224.0,
    "throughput" : 1.0303967027305514,
    "receivedKBytesPerSec" : 3.705000643997939,
    "sentKBytesPerSec" : 0.5795981452859351
  },
  "/senerio.php-16" : {
    "transaction" : "/senerio.php-16",
    "sampleCount" : 2,
    "errorCount" : 0,
    "errorPct" : 0.0,
    "meanResTime" : 212.5,
    "medianResTime" : 212.5,
    "minResTime" : 211.0,
    "maxResTime" : 214.0,
    "pct1ResTime" : 211.6,
    "pct2ResTime" : 214.0,
    "pct3ResTime" : 214.0,
    "throughput" : 1.0378827192527245,
    "receivedKBytesPerSec" : 2.63322197716658,
    "sentKBytesPerSec" : 0.5949581603528801
  },
  "Total" : {
    "transaction" : "Total",
    "sampleCount" : 16,
    "errorCount" : 0,
    "errorPct" : 0.0,
    "meanResTime" : 265.00000000000006,
    "medianResTime" : 213.0,
    "minResTime" : 208.0,
    "maxResTime" : 1016.0,
    "pct1ResTime" : 211.8,
    "pct2ResTime" : 226.4,
    "pct3ResTime" : 1016.0,
    "throughput" : 3.7602820211515864,
    "receivedKBytesPerSec" : 12.521573883666274,
    "sentKBytesPerSec" : 2.0710928319623974
  },
  "/-6" : {
    "transaction" : "/-6",
    "sampleCount" : 2,
    "errorCount" : 0,
    "errorPct" : 0.0,
    "meanResTime" : 622.0,
    "medianResTime" : 622.0,
    "minResTime" : 228.0,
    "maxResTime" : 1016.0,
    "pct1ResTime" : 385.60000000000014,
    "pct2ResTime" : 1016.0,
    "pct3ResTime" : 1016.0,
    "throughput" : 0.7275372862859222,
    "receivedKBytesPerSec" : 2.61600809385231,
    "sentKBytesPerSec" : 0.3623476718806839
  },
  "/-7" : {
    "transaction" : "/-7",
    "sampleCount" : 2,
    "errorCount" : 0,
    "errorPct" : 0.0,
    "meanResTime" : 209.0,
    "medianResTime" : 209.0,
    "minResTime" : 208.0,
    "maxResTime" : 210.0,
    "pct1ResTime" : 208.4,
    "pct2ResTime" : 210.0,
    "pct3ResTime" : 210.0,
    "throughput" : 1.0314595152140278,
    "receivedKBytesPerSec" : 3.708822202166065,
    "sentKBytesPerSec" : 0.5137151882413615
  },
  "/senerio.php-15" : {
    "transaction" : "/senerio.php-15",
    "sampleCount" : 2,
    "errorCount" : 0,
    "errorPct" : 0.0,
    "meanResTime" : 212.5,
    "medianResTime" : 212.5,
    "minResTime" : 211.0,
    "maxResTime" : 214.0,
    "pct1ResTime" : 211.6,
    "pct2ResTime" : 214.0,
    "pct3ResTime" : 214.0,
    "throughput" : 1.0378827192527245,
    "receivedKBytesPerSec" : 2.63322197716658,
    "sentKBytesPerSec" : 0.5949581603528801
  }
}